<?xml version="1.0" encoding="utf-8"?>
<extension type="component" method="upgrade">
	<name>com_vmmapicon</name>
	<author>Mario Hewera</author>
	<creationDate>Mai 2025</creationDate>
	<license>GNU General Public License version 2 or later; see LICENSE.txt</license>
	<authorEmail>mh@villaester.de</authorEmail>
	<authorUrl>https://villaester.de</authorUrl>
	<version>1.0.2</version>
	<description>COM_VMMAPICON_XML_DESCRIPTION</description>
    <namespace path="src">Villaester\Component\Vmmapicon</namespace>


	<install> <!-- Runs on install -->
		<sql>
			<file charset="utf8" driver="mysql">sql/install.mysql.utf8.sql</file>
		</sql>
	</install>

	<uninstall> <!-- Runs on uninstall -->
		<sql>
			<file charset="utf8" driver="mysql">sql/uninstall.mysql.utf8.sql</file>
		</sql>
	</uninstall>

	<update> <!-- Runs on update -->
		<schemas>
			<schemapath type="mysql">sql/updates/mysql</schemapath>
		</schemas>
	</update>

	<media destination="com_vmmapicon" folder="media">
        <filename>joomla.asset.json</filename>
        <folder>js</folder>
	</media>

	<files folder="site">
        <folder>language</folder>
        <folder>services</folder>
		<folder>src</folder>
		<folder>tmpl</folder>
	</files>



	<administration>
		<menu img="class:comment">
			COM_VMMAPICON
		</menu>
		<submenu>
			<menu view="apis">
				COM_VMMAPICON_VIEW_APIS
			</menu>
		</submenu>

		<files folder="administrator">
			<filename>access.xml</filename>
			<filename>config.xml</filename>
			<filename>vmmapicon.xml</filename>
            <folder>media</folder>
			<folder>sql</folder>
            <folder>forms</folder>
            <folder>services</folder>
			<folder>src</folder>
			<folder>tmpl</folder>
			<folder>layouts</folder>
			<folder>language</folder>
		</files>

	</administration>


</extension>
